1791396938017,176.09674019784
1791396940093,179.881193167332
1791396942114,194.973002907379
1791396944141,191.458894705226
1791396946168,189.625680365297
1791396948188,186.724019463116
1791396950204,185.159599230847
1791396952222,192.605363792729
1791396954242,195.596291472142
1791396956255,189.823665893271
1791396958276,187.053868080814
1791396960295,178.389550984077
1791396962320,176.608057568801
1791396964343,195.990123181228
1791396966358,190.001191663221
1791396968374,186.738507283376
1791396970385,188.050047426693
1791396972401,190.214346253042
1791396974418,194.218033282274
1791396976428,192.232843096059
1791396978446,191.319051050385
1791396980465,191.447458292444
1791396982485,171.474376601462
1791396984514,176.277268230072
1791396986527,195.698382212752
1791396988546,190.676761328533
1791396990560,192.092256343231
