1791397492699,188.390503128482
1791397494769,186.144448301513
1791397496788,187.605364887452
1791397498814,187.405437412454
1791397500843,186.644945360419
1791397502854,186.610981503083
1791397504870,186.305112457211
1791397506884,186.85691109669
1791397508903,186.426837464768
1791397510916,187.21404353557
1791397512934,186.290919563556
1791397514951,187.368838344215
1791397516968,187.345487567965
1791397518980,187.159059343319
1791397520995,186.863694416293
1791397523171,186.863694416293
1791397525180,186.598199379464
1791397527184,186.85661084473
1791397529194,186.555823921876
1791397531215,187.068003325914
1791397533233,187.125357395395
1791397535257,187.355356678079
1791397537264,187.484073276656
1791397539277,187.030426743255
1791397541292,186.515109599467
1791397543305,187.059304586889
1791397545318,186.378331641668
1791397547328,187.126330243735
1791397549339,187.010458201686
1791397551351,186.774207838761
1791397553363,187.265488286895
1791397555383,187.572717014621
1791397557402,186.669260115835
1791397559422,186.622805095621
1791397561433,186.773237524821
1791397563455,186.44414139575
1791397565479,186.641561433754
1791397567501,186.463786265091
1791397569519,186.886471533323
1791397571544,186.315733984079
1791397573558,186.839942236671
1791397575576,186.705001787983
1791397577592,186.900774831601
1791397579610,187.291160156736
1791397581629,186.913067412089
1791397583651,186.719203687573
1791397585662,186.75321471035
1791397587675,186.640485619582
1791397589693,187.659722672721
1791397591713,187.585767757522
1791397593725,186.608992081499
1791397595743,187.43768002779
1791397597772,186.937939082372
1791397599790,187.387064624843
1791397601806,186.975482329808
1791397603830,186.769641959404
1791397605849,186.27801679314
1791397607865,186.556969854552
1791397609882,187.183632447954
1791397611907,187.253958340768
1791397613926,187.129210107672
1791397615938,186.7414078991
1791397617948,186.860410859495
1791397619963,186.711144311604
1791397621971,186.66533068823
1791397623980,186.580415192619
1791397625998,186.392943768033
1791397628024,183.631937667724
